OrderId,PaymentCode,PaymentInformation,IsActive,PaymentAmount,BaseCurrencyCode,ForeignExchangeRate,ForeignExchangeCurrencyCode,AmountPaidFromAmazonAccount
D01-3538513-8429962,Credit Card,Not Available,Yes,Not Applicable,Not Applicable,Not Applicable,Not Applicable,Not Applicable
D01-3538513-8429962,Credit Card,Not Available,Yes,Not Applicable,Not Applicable,Not Applicable,Not Applicable,Not Applicable
D01-5471519-2042722,Credit Card,Not Available,Yes,Not Applicable,Not Applicable,Not Applicable,Not Applicable,Not Applicable
D01-5471519-2042722,Credit Card,Not Available,Yes,Not Applicable,Not Applicable,Not Applicable,Not Applicable,Not Applicable
D01-6335579-7737136,Credit Card,Not Available,Yes,Not Applicable,Not Applicable,Not Applicable,Not Applicable,Not Applicable
D01-6335579-7737136,Credit Card,Not Available,Yes,Not Applicable,Not Applicable,Not Applicable,Not Applicable,Not Applicable
D01-1411059-4137813,Credit Card,Not Available,Yes,Not Applicable,Not Applicable,Not Applicable,Not Applicable,Not Applicable
D01-1411059-4137813,Credit Card,Not Available,Yes,Not Applicable,Not Applicable,Not Applicable,Not Applicable,Not Applicable
D01-0019403-9008269,Credit Card,Not Available,Yes,Not Applicable,Not Applicable,Not Applicable,Not Applicable,Not Applicable
D01-0019403-9008269,Payment Instrument Deleted,Not Applicable,Yes,Not Applicable,Not Applicable,Not Applicable,Not Applicable,Not Applicable
D01-8144538-2883455,Payment Instrument Deleted,Not Applicable,Yes,Not Applicable,Not Applicable,Not Applicable,Not Applicable,Not Applicable
D01-8144538-2883455,Credit Card,Not Available,Yes,Not Applicable,Not Applicable,Not Applicable,Not Applicable,Not Applicable
D01-5616224-4189051,Credit Card,Not Available,Yes,Not Applicable,Not Applicable,Not Applicable,Not Applicable,Not Applicable
D01-5616224-4189051,Credit Card,Not Available,Yes,Not Applicable,Not Applicable,Not Applicable,Not Applicable,Not Applicable
D01-1616967-0035415,Credit Card,Not Available,Yes,Not Applicable,Not Applicable,Not Applicable,Not Applicable,Not Applicable
D01-1616967-0035415,Payment Instrument Deleted,Not Applicable,Yes,Not Applicable,Not Applicable,Not Applicable,Not Applicable,Not Applicable
D01-1263212-0096244,Credit Card,Not Available,Yes,Not Applicable,Not Applicable,Not Applicable,Not Applicable,Not Applicable
D01-3850356-8925041,Credit Card,Not Available,Yes,Not Applicable,Not Applicable,Not Applicable,Not Applicable,Not Applicable
D01-3850356-8925041,Credit Card,Not Available,Yes,Not Applicable,Not Applicable,Not Applicable,Not Applicable,Not Applicable
D01-7061374-2083417,Payment Instrument Deleted,Not Applicable,Yes,Not Applicable,Not Applicable,Not Applicable,Not Applicable,Not Applicable
D01-7061374-2083417,Credit Card,Not Available,Yes,Not Applicable,Not Applicable,Not Applicable,Not Applicable,Not Applicable
D01-1358768-4419439,Credit Card,Not Available,Yes,Not Applicable,Not Applicable,Not Applicable,Not Applicable,Not Applicable
D01-1486368-1117011,Credit Card,Not Available,Yes,Not Applicable,Not Applicable,Not Applicable,Not Applicable,Not Applicable
D01-1486368-1117011,Credit Card,Not Available,Yes,Not Applicable,Not Applicable,Not Applicable,Not Applicable,Not Applicable
D01-7913906-6387402,Payment Instrument Deleted,Not Applicable,Yes,Not Applicable,Not Applicable,Not Applicable,Not Applicable,Not Applicable
D01-7913906-6387402,Credit Card,Not Available,Yes,Not Applicable,Not Applicable,Not Applicable,Not Applicable,Not Applicable
D01-2662211-3145809,Credit Card,Not Available,Yes,Not Applicable,Not Applicable,Not Applicable,Not Applicable,Not Applicable
D01-8510557-8557036,Credit Card,Not Available,Yes,Not Applicable,Not Applicable,Not Applicable,Not Applicable,Not Applicable
D01-8510557-8557036,Credit Card,Not Available,Yes,Not Applicable,Not Applicable,Not Applicable,Not Applicable,Not Applicable
D01-1081279-1289815,Credit Card,Not Available,Yes,Not Applicable,Not Applicable,Not Applicable,Not Applicable,Not Applicable
D01-1081279-1289815,Credit Card,Not Available,Yes,Not Applicable,Not Applicable,Not Applicable,Not Applicable,Not Applicable
D01-4520695-7846638,Credit Card,Not Available,Yes,Not Applicable,Not Applicable,Not Applicable,Not Applicable,Not Applicable
D01-4520695-7846638,Credit Card,Not Available,Yes,Not Applicable,Not Applicable,Not Applicable,Not Applicable,Not Applicable
D01-1211302-5827435,Credit Card,Not Available,Yes,Not Applicable,Not Applicable,Not Applicable,Not Applicable,Not Applicable
D01-1211302-5827435,Credit Card,Not Available,Yes,Not Applicable,Not Applicable,Not Applicable,Not Applicable,Not Applicable
D01-2502580-6841808,Credit Card,Not Available,Yes,Not Applicable,Not Applicable,Not Applicable,Not Applicable,Not Applicable
D01-2502580-6841808,Gift Card,Not Applicable,Yes,Not Applicable,Not Applicable,Not Applicable,Not Applicable,Not Applicable
D01-5217206-6054652,Credit Card,Not Available,Yes,Not Applicable,Not Applicable,Not Applicable,Not Applicable,Not Applicable
D01-5217206-6054652,Credit Card,Not Available,Yes,Not Applicable,Not Applicable,Not Applicable,Not Applicable,Not Applicable
D01-2123492-6089857,Credit Card,Not Available,Yes,Not Applicable,Not Applicable,Not Applicable,Not Applicable,Not Applicable
D01-2123492-6089857,Payment Instrument Deleted,Not Applicable,Yes,Not Applicable,Not Applicable,Not Applicable,Not Applicable,Not Applicable
D01-7436429-9977842,Credit Card,Not Available,Yes,Not Applicable,Not Applicable,Not Applicable,Not Applicable,Not Applicable
D01-7436429-9977842,Credit Card,Not Available,Yes,Not Applicable,Not Applicable,Not Applicable,Not Applicable,Not Applicable
D01-9756696-2483422,Credit Card,Not Available,Yes,Not Applicable,Not Applicable,Not Applicable,Not Applicable,Not Applicable
D01-9756696-2483422,Credit Card,Not Available,Yes,Not Applicable,Not Applicable,Not Applicable,Not Applicable,Not Applicable
D01-8416735-0797067,Credit Card,Not Available,Yes,Not Applicable,Not Applicable,Not Applicable,Not Applicable,Not Applicable
D01-8416735-0797067,Payment Instrument Deleted,Not Applicable,Yes,Not Applicable,Not Applicable,Not Applicable,Not Applicable,Not Applicable
D01-5740593-2829034,Credit Card,Not Available,Yes,Not Applicable,Not Applicable,Not Applicable,Not Applicable,Not Applicable
D01-0001343-4157015,Credit Card,Not Available,Yes,Not Applicable,Not Applicable,Not Applicable,Not Applicable,Not Applicable
D01-0001343-4157015,Credit Card,Not Available,Yes,Not Applicable,Not Applicable,Not Applicable,Not Applicable,Not Applicable
D01-4622874-3843431,Credit Card,Not Available,Yes,Not Applicable,Not Applicable,Not Applicable,Not Applicable,Not Applicable
D01-5641124-1782659,Credit Card,Not Available,Yes,Not Applicable,Not Applicable,Not Applicable,Not Applicable,Not Applicable
D01-5641124-1782659,Credit Card,Not Available,Yes,Not Applicable,Not Applicable,Not Applicable,Not Applicable,Not Applicable
D01-7264803-3021064,Payment Instrument Deleted,Not Applicable,Yes,Not Applicable,Not Applicable,Not Applicable,Not Applicable,Not Applicable
D01-7264803-3021064,Credit Card,Not Available,Yes,Not Applicable,Not Applicable,Not Applicable,Not Applicable,Not Applicable
D01-8969776-9462621,Credit Card,Not Available,Yes,Not Applicable,Not Applicable,Not Applicable,Not Applicable,Not Applicable
D01-8969776-9462621,Credit Card,Not Available,Yes,Not Applicable,Not Applicable,Not Applicable,Not Applicable,Not Applicable
D01-2068239-7293069,Credit Card,Not Available,Yes,Not Applicable,Not Applicable,Not Applicable,Not Applicable,Not Applicable
D01-2068239-7293069,Credit Card,Not Available,Yes,Not Applicable,Not Applicable,Not Applicable,Not Applicable,Not Applicable
D01-4321537-0902666,Credit Card,Not Available,Yes,Not Applicable,Not Applicable,Not Applicable,Not Applicable,Not Applicable
D01-5539625-4099423,Credit Card,Not Available,Yes,Not Applicable,Not Applicable,Not Applicable,Not Applicable,Not Applicable
D01-5539625-4099423,Credit Card,Not Available,Yes,Not Applicable,Not Applicable,Not Applicable,Not Applicable,Not Applicable
D01-9523958-6275411,Credit Card,Not Available,Yes,Not Applicable,Not Applicable,Not Applicable,Not Applicable,Not Applicable
D01-9523958-6275411,Credit Card,Not Available,Yes,Not Applicable,Not Applicable,Not Applicable,Not Applicable,Not Applicable
D01-1481497-8067403,Credit Card,Not Available,Yes,Not Applicable,Not Applicable,Not Applicable,Not Applicable,Not Applicable
D01-3286871-8240249,Credit Card,Not Available,Yes,Not Applicable,Not Applicable,Not Applicable,Not Applicable,Not Applicable
D01-3430121-3088257,Gift Card,Not Applicable,Yes,Not Applicable,Not Applicable,Not Applicable,Not Applicable,Not Applicable
D01-3430121-3088257,Credit Card,Not Available,Yes,Not Applicable,Not Applicable,Not Applicable,Not Applicable,Not Applicable
D01-7854607-8077058,Credit Card,Not Available,Yes,Not Applicable,Not Applicable,Not Applicable,Not Applicable,Not Applicable
D01-1816685-0086651,Credit Card,Not Available,Yes,Not Applicable,Not Applicable,Not Applicable,Not Applicable,Not Applicable
D01-1816685-0086651,Credit Card,Not Available,Yes,Not Applicable,Not Applicable,Not Applicable,Not Applicable,Not Applicable
D01-3434187-4125067,Credit Card,Not Available,Yes,Not Applicable,Not Applicable,Not Applicable,Not Applicable,Not Applicable
D01-0308120-2742655,Credit Card,Not Available,Yes,Not Applicable,Not Applicable,Not Applicable,Not Applicable,Not Applicable
D01-6871666-5353829,Credit Card,Not Available,Yes,Not Applicable,Not Applicable,Not Applicable,Not Applicable,Not Applicable
D01-6871666-5353829,Gift Card,Not Applicable,Yes,Not Applicable,Not Applicable,Not Applicable,Not Applicable,Not Applicable
D01-5393867-3424266,Credit Card,Not Available,Yes,Not Applicable,Not Applicable,Not Applicable,Not Applicable,Not Applicable
D01-5393867-3424266,Credit Card,Not Available,Yes,Not Applicable,Not Applicable,Not Applicable,Not Applicable,Not Applicable
D01-7468898-8803413,Credit Card,Not Available,Yes,Not Applicable,Not Applicable,Not Applicable,Not Applicable,Not Applicable
D01-5221489-7629020,Credit Card,Not Available,Yes,Not Applicable,Not Applicable,Not Applicable,Not Applicable,Not Applicable
D01-5221489-7629020,Credit Card,Not Available,Yes,Not Applicable,Not Applicable,Not Applicable,Not Applicable,Not Applicable
D01-4242375-6662642,Credit Card,Not Available,Yes,Not Applicable,Not Applicable,Not Applicable,Not Applicable,Not Applicable
D01-4242375-6662642,Credit Card,Not Available,Yes,Not Applicable,Not Applicable,Not Applicable,Not Applicable,Not Applicable
D01-9282103-2272236,Credit Card,Not Available,Yes,Not Applicable,Not Applicable,Not Applicable,Not Applicable,Not Applicable
D01-9282103-2272236,Credit Card,Not Available,Yes,Not Applicable,Not Applicable,Not Applicable,Not Applicable,Not Applicable
D01-2590172-9667419,Credit Card,Not Available,Yes,Not Applicable,Not Applicable,Not Applicable,Not Applicable,Not Applicable
D01-7046898-1593804,Credit Card,Not Available,Yes,Not Applicable,Not Applicable,Not Applicable,Not Applicable,Not Applicable
D01-7046898-1593804,Credit Card,Not Available,Yes,Not Applicable,Not Applicable,Not Applicable,Not Applicable,Not Applicable
D01-1771703-2557031,Credit Card,Not Available,Yes,Not Applicable,Not Applicable,Not Applicable,Not Applicable,Not Applicable
D01-1771703-2557031,Credit Card,Not Available,Yes,Not Applicable,Not Applicable,Not Applicable,Not Applicable,Not Applicable
D01-1771703-2557031,Credit Card,Not Available,Yes,Not Applicable,Not Applicable,Not Applicable,Not Applicable,Not Applicable
D01-7823429-4563416,Credit Card,Not Available,Yes,Not Applicable,Not Applicable,Not Applicable,Not Applicable,Not Applicable
D01-7210610-6624238,Credit Card,Not Available,Yes,Not Applicable,Not Applicable,Not Applicable,Not Applicable,Not Applicable
D01-7210610-6624238,Credit Card,Not Available,Yes,Not Applicable,Not Applicable,Not Applicable,Not Applicable,Not Applicable
D01-7210610-6624238,Credit Card,Not Available,Yes,Not Applicable,Not Applicable,Not Applicable,Not Applicable,Not Applicable
D01-1216896-6646619,Credit Card,Not Available,Yes,Not Applicable,Not Applicable,Not Applicable,Not Applicable,Not Applicable
D01-1216896-6646619,Credit Card,Not Available,Yes,Not Applicable,Not Applicable,Not Applicable,Not Applicable,Not Applicable
D01-1216896-6646619,Credit Card,Not Available,Yes,Not Applicable,Not Applicable,Not Applicable,Not Applicable,Not Applicable
D01-8799501-4285049,Credit Card,Not Available,Yes,Not Applicable,Not Applicable,Not Applicable,Not Applicable,Not Applicable
D01-0814082-6777828,Credit Card,Not Available,Yes,Not Applicable,Not Applicable,Not Applicable,Not Applicable,Not Applicable
D01-4769198-3417862,Credit Card,Not Available,Yes,Not Applicable,Not Applicable,Not Applicable,Not Applicable,Not Applicable
D01-4769198-3417862,Credit Card,Not Available,Yes,Not Applicable,Not Applicable,Not Applicable,Not Applicable,Not Applicable
D01-4769198-3417862,Credit Card,Not Available,Yes,Not Applicable,Not Applicable,Not Applicable,Not Applicable,Not Applicable
D01-5174157-0342631,Credit Card,Not Available,Yes,Not Applicable,Not Applicable,Not Applicable,Not Applicable,Not Applicable
D01-5174157-0342631,Credit Card,Not Available,Yes,Not Applicable,Not Applicable,Not Applicable,Not Applicable,Not Applicable
D01-5174157-0342631,Credit Card,Not Available,Yes,Not Applicable,Not Applicable,Not Applicable,Not Applicable,Not Applicable
D01-7554639-9072265,Credit Card,Not Available,Yes,Not Applicable,Not Applicable,Not Applicable,Not Applicable,Not Applicable
D01-7554639-9072265,Credit Card,Not Available,Yes,Not Applicable,Not Applicable,Not Applicable,Not Applicable,Not Applicable
D01-7554639-9072265,Credit Card,Not Available,Yes,Not Applicable,Not Applicable,Not Applicable,Not Applicable,Not Applicable
D01-8500699-2601813,Credit Card,Not Available,Yes,Not Applicable,Not Applicable,Not Applicable,Not Applicable,Not Applicable
D01-8500699-2601813,Credit Card,Not Available,Yes,Not Applicable,Not Applicable,Not Applicable,Not Applicable,Not Applicable
D01-8500699-2601813,Credit Card,Not Available,Yes,Not Applicable,Not Applicable,Not Applicable,Not Applicable,Not Applicable
D01-9903083-8665828,Credit Card,Not Available,Yes,Not Applicable,Not Applicable,Not Applicable,Not Applicable,Not Applicable
D01-9903083-8665828,Credit Card,Not Available,Yes,Not Applicable,Not Applicable,Not Applicable,Not Applicable,Not Applicable
D01-9903083-8665828,Credit Card,Not Available,Yes,Not Applicable,Not Applicable,Not Applicable,Not Applicable,Not Applicable
D01-8183397-0265839,Credit Card,Not Available,Yes,Not Applicable,Not Applicable,Not Applicable,Not Applicable,Not Applicable
D01-8183397-0265839,Credit Card,Not Available,Yes,Not Applicable,Not Applicable,Not Applicable,Not Applicable,Not Applicable
D01-8183397-0265839,Credit Card,Not Available,Yes,Not Applicable,Not Applicable,Not Applicable,Not Applicable,Not Applicable
D01-1805733-8291435,Credit Card,Not Available,Yes,Not Applicable,Not Applicable,Not Applicable,Not Applicable,Not Applicable
D01-9761091-8429032,Credit Card,Not Available,Yes,Not Applicable,Not Applicable,Not Applicable,Not Applicable,Not Applicable
D01-9761091-8429032,Credit Card,Not Available,Yes,Not Applicable,Not Applicable,Not Applicable,Not Applicable,Not Applicable
D01-9761091-8429032,Credit Card,Not Available,Yes,Not Applicable,Not Applicable,Not Applicable,Not Applicable,Not Applicable
D01-1234713-1177858,Credit Card,Not Available,Yes,Not Applicable,Not Applicable,Not Applicable,Not Applicable,Not Applicable
D01-9248493-0893035,Credit Card,Not Available,Yes,Not Applicable,Not Applicable,Not Applicable,Not Applicable,Not Applicable
D01-9248493-0893035,Credit Card,Not Available,Yes,Not Applicable,Not Applicable,Not Applicable,Not Applicable,Not Applicable
D01-9248493-0893035,Credit Card,Not Available,Yes,Not Applicable,Not Applicable,Not Applicable,Not Applicable,Not Applicable
D01-0005962-4470665,Credit Card,Not Available,Yes,Not Applicable,Not Applicable,Not Applicable,Not Applicable,Not Applicable
D01-6487730-8061043,Credit Card,Not Available,Yes,Not Applicable,Not Applicable,Not Applicable,Not Applicable,Not Applicable
D01-0451036-0627416,Credit Card,Not Available,Yes,Not Applicable,Not Applicable,Not Applicable,Not Applicable,Not Applicable
D01-3679912-5472244,Credit Card,Not Available,Yes,Not Applicable,Not Applicable,Not Applicable,Not Applicable,Not Applicable
D01-3679912-5472244,Credit Card,Not Available,Yes,Not Applicable,Not Applicable,Not Applicable,Not Applicable,Not Applicable
D01-3679912-5472244,Credit Card,Not Available,Yes,Not Applicable,Not Applicable,Not Applicable,Not Applicable,Not Applicable
D01-1522246-0275430,Credit Card,Not Available,Yes,Not Applicable,Not Applicable,Not Applicable,Not Applicable,Not Applicable
D01-1522246-0275430,Credit Card,Not Available,Yes,Not Applicable,Not Applicable,Not Applicable,Not Applicable,Not Applicable
D01-1522246-0275430,Credit Card,Not Available,Yes,Not Applicable,Not Applicable,Not Applicable,Not Applicable,Not Applicable
D01-6142227-8153820,Credit Card,Not Available,Yes,Not Applicable,Not Applicable,Not Applicable,Not Applicable,Not Applicable
D01-6142227-8153820,Gift Card,Not Applicable,Yes,Not Applicable,Not Applicable,Not Applicable,Not Applicable,Not Applicable
D01-7926356-0861051,Credit Card,Not Available,Yes,Not Applicable,Not Applicable,Not Applicable,Not Applicable,Not Applicable
D01-7926356-0861051,Credit Card,Not Available,Yes,Not Applicable,Not Applicable,Not Applicable,Not Applicable,Not Applicable
D01-7926356-0861051,Credit Card,Not Available,Yes,Not Applicable,Not Applicable,Not Applicable,Not Applicable,Not Applicable
D01-6325690-4317045,Credit Card,Not Available,Yes,Not Applicable,Not Applicable,Not Applicable,Not Applicable,Not Applicable
D01-3501946-5907440,Credit Card,Not Available,Yes,Not Applicable,Not Applicable,Not Applicable,Not Applicable,Not Applicable
D01-1463566-0377828,Credit Card,Not Available,Yes,Not Applicable,Not Applicable,Not Applicable,Not Applicable,Not Applicable
D01-1463566-0377828,Credit Card,Not Available,Yes,Not Applicable,Not Applicable,Not Applicable,Not Applicable,Not Applicable
D01-1463566-0377828,Credit Card,Not Available,Yes,Not Applicable,Not Applicable,Not Applicable,Not Applicable,Not Applicable
D01-1665702-2585836,Credit Card,Not Available,Yes,Not Applicable,Not Applicable,Not Applicable,Not Applicable,Not Applicable
D01-1665702-2585836,Credit Card,Not Available,Yes,Not Applicable,Not Applicable,Not Applicable,Not Applicable,Not Applicable
D01-1665702-2585836,Credit Card,Not Available,Yes,Not Applicable,Not Applicable,Not Applicable,Not Applicable,Not Applicable
D01-3732162-0790653,Credit Card,Not Available,Yes,Not Applicable,Not Applicable,Not Applicable,Not Applicable,Not Applicable
D01-6132095-3766627,Credit Card,Not Available,Yes,Not Applicable,Not Applicable,Not Applicable,Not Applicable,Not Applicable
D01-6132095-3766627,Credit Card,Not Available,Yes,Not Applicable,Not Applicable,Not Applicable,Not Applicable,Not Applicable
D01-6132095-3766627,Credit Card,Not Available,Yes,Not Applicable,Not Applicable,Not Applicable,Not Applicable,Not Applicable
D01-6472491-4931413,Credit Card,Not Available,Yes,Not Applicable,Not Applicable,Not Applicable,Not Applicable,Not Applicable
D01-8185979-9411413,Credit Card,Not Available,Yes,Not Applicable,Not Applicable,Not Applicable,Not Applicable,Not Applicable
D01-0287984-8742656,Credit Card,Not Available,Yes,Not Applicable,Not Applicable,Not Applicable,Not Applicable,Not Applicable
D01-0287984-8742656,Credit Card,Not Available,Yes,Not Applicable,Not Applicable,Not Applicable,Not Applicable,Not Applicable
D01-0287984-8742656,Credit Card,Not Available,Yes,Not Applicable,Not Applicable,Not Applicable,Not Applicable,Not Applicable
D01-7820353-9241828,Credit Card,Not Available,Yes,Not Applicable,Not Applicable,Not Applicable,Not Applicable,Not Applicable
D01-7820353-9241828,Credit Card,Not Available,Yes,Not Applicable,Not Applicable,Not Applicable,Not Applicable,Not Applicable
D01-7820353-9241828,Credit Card,Not Available,Yes,Not Applicable,Not Applicable,Not Applicable,Not Applicable,Not Applicable
D01-2743656-5021055,Credit Card,Not Available,Yes,Not Applicable,Not Applicable,Not Applicable,Not Applicable,Not Applicable
D01-0567975-3760231,Credit Card,Not Available,Yes,Not Applicable,Not Applicable,Not Applicable,Not Applicable,Not Applicable
D01-0567975-3760231,Credit Card,Not Available,Yes,Not Applicable,Not Applicable,Not Applicable,Not Applicable,Not Applicable
D01-0567975-3760231,Credit Card,Not Available,Yes,Not Applicable,Not Applicable,Not Applicable,Not Applicable,Not Applicable
D01-2825577-2864255,Credit Card,Not Available,Yes,Not Applicable,Not Applicable,Not Applicable,Not Applicable,Not Applicable
D01-2825577-2864255,Credit Card,Not Available,Yes,Not Applicable,Not Applicable,Not Applicable,Not Applicable,Not Applicable
D01-2825577-2864255,Credit Card,Not Available,Yes,Not Applicable,Not Applicable,Not Applicable,Not Applicable,Not Applicable
D01-2028067-8905841,Credit Card,Not Available,Yes,Not Applicable,Not Applicable,Not Applicable,Not Applicable,Not Applicable
D01-2028067-8905841,Credit Card,Not Available,Yes,Not Applicable,Not Applicable,Not Applicable,Not Applicable,Not Applicable
D01-2028067-8905841,Credit Card,Not Available,Yes,Not Applicable,Not Applicable,Not Applicable,Not Applicable,Not Applicable
D01-2175132-8585833,Credit Card,Not Available,Yes,Not Applicable,Not Applicable,Not Applicable,Not Applicable,Not Applicable
D01-2175132-8585833,Credit Card,Not Available,Yes,Not Applicable,Not Applicable,Not Applicable,Not Applicable,Not Applicable
D01-2175132-8585833,Credit Card,Not Available,Yes,Not Applicable,Not Applicable,Not Applicable,Not Applicable,Not Applicable
D01-7435439-9241814,Credit Card,Not Available,Yes,Not Applicable,Not Applicable,Not Applicable,Not Applicable,Not Applicable
D01-7435439-9241814,Credit Card,Not Available,Yes,Not Applicable,Not Applicable,Not Applicable,Not Applicable,Not Applicable
D01-7435439-9241814,Credit Card,Not Available,Yes,Not Applicable,Not Applicable,Not Applicable,Not Applicable,Not Applicable
D01-7435439-9241814,Credit Card,Not Available,Yes,Not Applicable,Not Applicable,Not Applicable,Not Applicable,Not Applicable
D01-0657217-0998668,Credit Card,Not Available,Yes,Not Applicable,Not Applicable,Not Applicable,Not Applicable,Not Applicable
D01-0657217-0998668,Credit Card,Not Available,Yes,Not Applicable,Not Applicable,Not Applicable,Not Applicable,Not Applicable
D01-0657217-0998668,Credit Card,Not Available,Yes,Not Applicable,Not Applicable,Not Applicable,Not Applicable,Not Applicable
D01-0657217-0998668,Credit Card,Not Available,Yes,Not Applicable,Not Applicable,Not Applicable,Not Applicable,Not Applicable
D01-2500084-7929854,Credit Card,Not Available,Yes,Not Applicable,Not Applicable,Not Applicable,Not Applicable,Not Applicable
D01-2500084-7929854,Credit Card,Not Available,Yes,Not Applicable,Not Applicable,Not Applicable,Not Applicable,Not Applicable
D01-2500084-7929854,Credit Card,Not Available,Yes,Not Applicable,Not Applicable,Not Applicable,Not Applicable,Not Applicable
D01-2500084-7929854,Credit Card,Not Available,Yes,Not Applicable,Not Applicable,Not Applicable,Not Applicable,Not Applicable
D01-2378402-0662613,Credit Card,Not Available,Yes,Not Applicable,Not Applicable,Not Applicable,Not Applicable,Not Applicable
D01-2378402-0662613,Credit Card,Not Available,Yes,Not Applicable,Not Applicable,Not Applicable,Not Applicable,Not Applicable
D01-2378402-0662613,Credit Card,Not Available,Yes,Not Applicable,Not Applicable,Not Applicable,Not Applicable,Not Applicable
D01-2378402-0662613,Credit Card,Not Available,Yes,Not Applicable,Not Applicable,Not Applicable,Not Applicable,Not Applicable
D01-9592737-5549052,Credit Card,Not Available,Yes,Not Applicable,Not Applicable,Not Applicable,Not Applicable,Not Applicable
D01-9592737-5549052,Gift Card,Not Applicable,Yes,Not Applicable,Not Applicable,Not Applicable,Not Applicable,Not Applicable
D01-0492840-8992218,Credit Card,Not Available,Yes,Not Applicable,Not Applicable,Not Applicable,Not Applicable,Not Applicable
D01-8943121-1923453,Credit Card,Not Available,Yes,Not Applicable,Not Applicable,Not Applicable,Not Applicable,Not Applicable
D01-8943121-1923453,Credit Card,Not Available,Yes,Not Applicable,Not Applicable,Not Applicable,Not Applicable,Not Applicable
D01-8943121-1923453,Credit Card,Not Available,Yes,Not Applicable,Not Applicable,Not Applicable,Not Applicable,Not Applicable
D01-8943121-1923453,Credit Card,Not Available,Yes,Not Applicable,Not Applicable,Not Applicable,Not Applicable,Not Applicable
D01-9365782-0006614,Credit Card,Not Available,Yes,Not Applicable,Not Applicable,Not Applicable,Not Applicable,Not Applicable
D01-5003736-5241814,Credit Card,Not Available,Yes,Not Applicable,Not Applicable,Not Applicable,Not Applicable,Not Applicable
D01-5003736-5241814,Credit Card,Not Available,Yes,Not Applicable,Not Applicable,Not Applicable,Not Applicable,Not Applicable
D01-5003736-5241814,Credit Card,Not Available,Yes,Not Applicable,Not Applicable,Not Applicable,Not Applicable,Not Applicable
D01-2039903-0989033,Credit Card,Not Available,Yes,Not Applicable,Not Applicable,Not Applicable,Not Applicable,Not Applicable
D01-3635251-0582636,Credit Card,Not Available,Yes,Not Applicable,Not Applicable,Not Applicable,Not Applicable,Not Applicable
D01-9637924-3958639,Credit Card,Not Available,Yes,Not Applicable,Not Applicable,Not Applicable,Not Applicable,Not Applicable
D01-9637924-3958639,Credit Card,Not Available,Yes,Not Applicable,Not Applicable,Not Applicable,Not Applicable,Not Applicable
D01-9637924-3958639,Credit Card,Not Available,Yes,Not Applicable,Not Applicable,Not Applicable,Not Applicable,Not Applicable
D01-8819973-3174610,Credit Card,Not Available,Yes,Not Applicable,Not Applicable,Not Applicable,Not Applicable,Not Applicable
D01-8819973-3174610,Credit Card,Not Available,Yes,Not Applicable,Not Applicable,Not Applicable,Not Applicable,Not Applicable
D01-8819973-3174610,Credit Card,Not Available,Yes,Not Applicable,Not Applicable,Not Applicable,Not Applicable,Not Applicable
D01-6603797-0537858,Credit Card,Not Available,Yes,Not Applicable,Not Applicable,Not Applicable,Not Applicable,Not Applicable
D01-6603797-0537858,Credit Card,Not Available,Yes,Not Applicable,Not Applicable,Not Applicable,Not Applicable,Not Applicable
D01-6603797-0537858,Credit Card,Not Available,Yes,Not Applicable,Not Applicable,Not Applicable,Not Applicable,Not Applicable
D01-1956740-4957041,Credit Card,Not Available,Yes,Not Applicable,Not Applicable,Not Applicable,Not Applicable,Not Applicable
D01-9593592-5270637,Credit Card,Not Available,Yes,Not Applicable,Not Applicable,Not Applicable,Not Applicable,Not Applicable
D01-2970581-2313819,Credit Card,Not Available,Yes,Not Applicable,Not Applicable,Not Applicable,Not Applicable,Not Applicable
D01-8374671-3408257,Credit Card,Not Available,Yes,Not Applicable,Not Applicable,Not Applicable,Not Applicable,Not Applicable
D01-8374671-3408257,Credit Card,Not Available,Yes,Not Applicable,Not Applicable,Not Applicable,Not Applicable,Not Applicable
D01-8374671-3408257,Credit Card,Not Available,Yes,Not Applicable,Not Applicable,Not Applicable,Not Applicable,Not Applicable
D01-0008177-5318642,Credit Card,Not Available,Yes,Not Applicable,Not Applicable,Not Applicable,Not Applicable,Not Applicable
D01-0697490-2829062,Credit Card,Not Available,Yes,Not Applicable,Not Applicable,Not Applicable,Not Applicable,Not Applicable
D01-0697490-2829062,Credit Card,Not Available,Yes,Not Applicable,Not Applicable,Not Applicable,Not Applicable,Not Applicable
D01-0697490-2829062,Credit Card,Not Available,Yes,Not Applicable,Not Applicable,Not Applicable,Not Applicable,Not Applicable
D01-7226303-3481854,Credit Card,Not Available,Yes,Not Applicable,Not Applicable,Not Applicable,Not Applicable,Not Applicable
D01-7226303-3481854,Gift Card,Not Applicable,Yes,Not Applicable,Not Applicable,Not Applicable,Not Applicable,Not Applicable
D01-8274952-4013044,Credit Card,Not Available,Yes,Not Applicable,Not Applicable,Not Applicable,Not Applicable,Not Applicable
D01-3563932-5696256,Credit Card,Not Available,Yes,Not Applicable,Not Applicable,Not Applicable,Not Applicable,Not Applicable
D01-3563932-5696256,Credit Card,Not Available,Yes,Not Applicable,Not Applicable,Not Applicable,Not Applicable,Not Applicable
D01-3563932-5696256,Credit Card,Not Available,Yes,Not Applicable,Not Applicable,Not Applicable,Not Applicable,Not Applicable
D01-0386641-1488213,Credit Card,Not Available,Yes,Not Applicable,Not Applicable,Not Applicable,Not Applicable,Not Applicable
D01-0386641-1488213,Credit Card,Not Available,Yes,Not Applicable,Not Applicable,Not Applicable,Not Applicable,Not Applicable
D01-0386641-1488213,Credit Card,Not Available,Yes,Not Applicable,Not Applicable,Not Applicable,Not Applicable,Not Applicable
D01-1760253-2387466,Credit Card,Not Available,Yes,Not Applicable,Not Applicable,Not Applicable,Not Applicable,Not Applicable
D01-1745520-2307435,Credit Card,Not Available,Yes,Not Applicable,Not Applicable,Not Applicable,Not Applicable,Not Applicable
D01-5390975-8377842,Credit Card,Not Available,Yes,Not Applicable,Not Applicable,Not Applicable,Not Applicable,Not Applicable
D01-5390975-8377842,Credit Card,Not Available,Yes,Not Applicable,Not Applicable,Not Applicable,Not Applicable,Not Applicable
D01-5390975-8377842,Credit Card,Not Available,Yes,Not Applicable,Not Applicable,Not Applicable,Not Applicable,Not Applicable
D01-7949543-6214626,Credit Card,Not Available,Yes,Not Applicable,Not Applicable,Not Applicable,Not Applicable,Not Applicable
D01-4164515-2003402,Credit Card,Not Available,Yes,Not Applicable,Not Applicable,Not Applicable,Not Applicable,Not Applicable
D01-5420047-9622661,Credit Card,Not Available,Yes,Not Applicable,Not Applicable,Not Applicable,Not Applicable,Not Applicable
D01-5420047-9622661,Credit Card,Not Available,Yes,Not Applicable,Not Applicable,Not Applicable,Not Applicable,Not Applicable
D01-5420047-9622661,Credit Card,Not Available,Yes,Not Applicable,Not Applicable,Not Applicable,Not Applicable,Not Applicable
D01-4766586-8521803,Credit Card,Not Available,Yes,Not Applicable,Not Applicable,Not Applicable,Not Applicable,Not Applicable
D01-3751922-6790654,Credit Card,Not Available,Yes,Not Applicable,Not Applicable,Not Applicable,Not Applicable,Not Applicable
D01-7919018-7145811,Credit Card,Not Available,Yes,Not Applicable,Not Applicable,Not Applicable,Not Applicable,Not Applicable
D01-0032407-3728243,Credit Card,Not Available,Yes,Not Applicable,Not Applicable,Not Applicable,Not Applicable,Not Applicable
D01-0032407-3728243,Credit Card,Not Available,Yes,Not Applicable,Not Applicable,Not Applicable,Not Applicable,Not Applicable
D01-0032407-3728243,Credit Card,Not Available,Yes,Not Applicable,Not Applicable,Not Applicable,Not Applicable,Not Applicable
D01-9131592-8489811,Credit Card,Not Available,Yes,Not Applicable,Not Applicable,Not Applicable,Not Applicable,Not Applicable
D01-3873441-5949031,Gift Card,Not Applicable,Yes,Not Applicable,Not Applicable,Not Applicable,Not Applicable,Not Applicable
D01-3873441-5949031,Credit Card,Not Available,Yes,Not Applicable,Not Applicable,Not Applicable,Not Applicable,Not Applicable
D01-3525184-0173054,Credit Card,Not Available,Yes,Not Applicable,Not Applicable,Not Applicable,Not Applicable,Not Applicable
D01-3525184-0173054,Credit Card,Not Available,Yes,Not Applicable,Not Applicable,Not Applicable,Not Applicable,Not Applicable
D01-3525184-0173054,Credit Card,Not Available,Yes,Not Applicable,Not Applicable,Not Applicable,Not Applicable,Not Applicable
D01-4352089-8701025,Credit Card,Not Available,Yes,Not Applicable,Not Applicable,Not Applicable,Not Applicable,Not Applicable
D01-5078890-4985830,Credit Card,Not Available,Yes,Not Applicable,Not Applicable,Not Applicable,Not Applicable,Not Applicable
D01-5078890-4985830,Credit Card,Not Available,Yes,Not Applicable,Not Applicable,Not Applicable,Not Applicable,Not Applicable
D01-5078890-4985830,Credit Card,Not Available,Yes,Not Applicable,Not Applicable,Not Applicable,Not Applicable,Not Applicable
D01-6772033-9977842,Credit Card,Not Available,Yes,Not Applicable,Not Applicable,Not Applicable,Not Applicable,Not Applicable
D01-6591481-6333069,Credit Card,Not Available,Yes,Not Applicable,Not Applicable,Not Applicable,Not Applicable,Not Applicable
D01-6591481-6333069,Credit Card,Not Available,Yes,Not Applicable,Not Applicable,Not Applicable,Not Applicable,Not Applicable
D01-0667242-6569805,Credit Card,Not Available,Yes,Not Applicable,Not Applicable,Not Applicable,Not Applicable,Not Applicable
D01-5959295-1910653,Credit Card,Not Available,Yes,Not Applicable,Not Applicable,Not Applicable,Not Applicable,Not Applicable
D01-5959295-1910653,Credit Card,Not Available,Yes,Not Applicable,Not Applicable,Not Applicable,Not Applicable,Not Applicable
D01-9671704-4153820,Credit Card,Not Available,Yes,Not Applicable,Not Applicable,Not Applicable,Not Applicable,Not Applicable
D01-9671704-4153820,Credit Card,Not Available,Yes,Not Applicable,Not Applicable,Not Applicable,Not Applicable,Not Applicable
D01-7975146-2461041,Credit Card,Not Available,Yes,Not Applicable,Not Applicable,Not Applicable,Not Applicable,Not Applicable
D01-2923536-4803421,Credit Card,Not Available,Yes,Not Applicable,Not Applicable,Not Applicable,Not Applicable,Not Applicable
D01-2923536-4803421,Credit Card,Not Available,Yes,Not Applicable,Not Applicable,Not Applicable,Not Applicable,Not Applicable
D01-4115736-7942658,Credit Card,Not Available,Yes,Not Applicable,Not Applicable,Not Applicable,Not Applicable,Not Applicable
D01-4115736-7942658,Credit Card,Not Available,Yes,Not Applicable,Not Applicable,Not Applicable,Not Applicable,Not Applicable
D01-8309989-1811442,Credit Card,Not Available,Yes,Not Applicable,Not Applicable,Not Applicable,Not Applicable,Not Applicable
D01-5273009-8201801,Credit Card,Not Available,Yes,Not Applicable,Not Applicable,Not Applicable,Not Applicable,Not Applicable
D01-7641740-9997016,Credit Card,Not Available,Yes,Not Applicable,Not Applicable,Not Applicable,Not Applicable,Not Applicable
D01-0364515-8409870,Credit Card,Not Available,Yes,Not Applicable,Not Applicable,Not Applicable,Not Applicable,Not Applicable
D01-5713051-2621045,Credit Card,Not Available,Yes,Not Applicable,Not Applicable,Not Applicable,Not Applicable,Not Applicable
D01-5713051-2621045,Credit Card,Not Available,Yes,Not Applicable,Not Applicable,Not Applicable,Not Applicable,Not Applicable
D01-4147181-2166617,Credit Card,Not Available,Yes,Not Applicable,Not Applicable,Not Applicable,Not Applicable,Not Applicable
D01-4147181-2166617,Credit Card,Not Available,Yes,Not Applicable,Not Applicable,Not Applicable,Not Applicable,Not Applicable
D01-9115104-5289839,Credit Card,Not Available,Yes,Not Applicable,Not Applicable,Not Applicable,Not Applicable,Not Applicable
D01-9115104-5289839,Credit Card,Not Available,Yes,Not Applicable,Not Applicable,Not Applicable,Not Applicable,Not Applicable
D01-5241847-3421013,Credit Card,Not Available,Yes,Not Applicable,Not Applicable,Not Applicable,Not Applicable,Not Applicable
D01-0235910-3667414,Credit Card,Not Available,Yes,Not Applicable,Not Applicable,Not Applicable,Not Applicable,Not Applicable
D01-1566147-3475426,Credit Card,Not Available,Yes,Not Applicable,Not Applicable,Not Applicable,Not Applicable,Not Applicable
D01-6530027-4240203,Credit Card,Not Available,Yes,Not Applicable,Not Applicable,Not Applicable,Not Applicable,Not Applicable
D01-7779387-8941042,Credit Card,Not Available,Yes,Not Applicable,Not Applicable,Not Applicable,Not Applicable,Not Applicable
D01-7779387-8941042,Credit Card,Not Available,Yes,Not Applicable,Not Applicable,Not Applicable,Not Applicable,Not Applicable
D01-4157618-5568252,Credit Card,Not Available,Yes,Not Applicable,Not Applicable,Not Applicable,Not Applicable,Not Applicable
D01-2568914-6867404,Credit Card,Not Available,Yes,Not Applicable,Not Applicable,Not Applicable,Not Applicable,Not Applicable
D01-6123562-7683449,Credit Card,Not Available,Yes,Not Applicable,Not Applicable,Not Applicable,Not Applicable,Not Applicable
D01-0112770-9193869,Credit Card,Not Available,Yes,Not Applicable,Not Applicable,Not Applicable,Not Applicable,Not Applicable
D01-0112770-9193869,Credit Card,Not Available,Yes,Not Applicable,Not Applicable,Not Applicable,Not Applicable,Not Applicable
D01-7176593-2185819,Credit Card,Not Available,Yes,Not Applicable,Not Applicable,Not Applicable,Not Applicable,Not Applicable
D01-9591140-9104269,Credit Card,Not Available,Yes,Not Applicable,Not Applicable,Not Applicable,Not Applicable,Not Applicable
D01-7145343-9049818,Credit Card,Not Available,Yes,Not Applicable,Not Applicable,Not Applicable,Not Applicable,Not Applicable
D01-7145343-9049818,Credit Card,Not Available,Yes,Not Applicable,Not Applicable,Not Applicable,Not Applicable,Not Applicable
D01-5776204-1193819,Credit Card,Not Available,Yes,Not Applicable,Not Applicable,Not Applicable,Not Applicable,Not Applicable
D01-0095840-1552251,Credit Card,Not Available,Yes,Not Applicable,Not Applicable,Not Applicable,Not Applicable,Not Applicable
D01-9368968-0109020,Credit Card,Not Available,Yes,Not Applicable,Not Applicable,Not Applicable,Not Applicable,Not Applicable
D01-7738766-5110655,Credit Card,Not Available,Yes,Not Applicable,Not Applicable,Not Applicable,Not Applicable,Not Applicable
D01-7749615-7523431,Credit Card,Not Available,Yes,Not Applicable,Not Applicable,Not Applicable,Not Applicable,Not Applicable
D01-8318636-8121808,Credit Card,Not Available,Yes,Not Applicable,Not Applicable,Not Applicable,Not Applicable,Not Applicable
D01-4007772-6637038,Gift Card,Not Applicable,Yes,Not Applicable,Not Applicable,Not Applicable,Not Applicable,Not Applicable
D01-4007772-6637038,Credit Card,Not Available,Yes,Not Applicable,Not Applicable,Not Applicable,Not Applicable,Not Applicable
D01-7532742-6646665,Credit Card,Not Available,Yes,Not Applicable,Not Applicable,Not Applicable,Not Applicable,Not Applicable
D01-7532742-6646665,Gift Card,Not Applicable,Yes,Not Applicable,Not Applicable,Not Applicable,Not Applicable,Not Applicable
D01-3594004-1421016,Credit Card,Not Available,Yes,Not Applicable,Not Applicable,Not Applicable,Not Applicable,Not Applicable
D01-1888368-6685045,Credit Card,Not Available,Yes,Not Applicable,Not Applicable,Not Applicable,Not Applicable,Not Applicable
D01-1432834-5997014,Credit Card,Not Available,Yes,Not Applicable,Not Applicable,Not Applicable,Not Applicable,Not Applicable
D01-8547285-0589000,Credit Card,Not Available,Yes,Not Applicable,Not Applicable,Not Applicable,Not Applicable,Not Applicable
D01-0751746-2877007,Credit Card,Not Available,Yes,Not Applicable,Not Applicable,Not Applicable,Not Applicable,Not Applicable
D01-1232231-4720225,Credit Card,Not Available,Yes,Not Applicable,Not Applicable,Not Applicable,Not Applicable,Not Applicable
D01-5075012-9043428,Credit Card,Not Available,Yes,Not Applicable,Not Applicable,Not Applicable,Not Applicable,Not Applicable
D01-0385774-7955410,Credit Card,Not Available,Yes,Not Applicable,Not Applicable,Not Applicable,Not Applicable,Not Applicable
D01-5853713-3318667,Credit Card,Not Available,Yes,Not Applicable,Not Applicable,Not Applicable,Not Applicable,Not Applicable
D01-0940954-1549052,Credit Card,Not Available,Yes,Not Applicable,Not Applicable,Not Applicable,Not Applicable,Not Applicable
D01-3881170-6736209,Credit Card,Not Available,Yes,Not Applicable,Not Applicable,Not Applicable,Not Applicable,Not Applicable
D01-2021376-0201827,Credit Card,Not Available,Yes,Not Applicable,Not Applicable,Not Applicable,Not Applicable,Not Applicable
D01-3663529-4544214,Credit Card,Not Available,Yes,Not Applicable,Not Applicable,Not Applicable,Not Applicable,Not Applicable
D01-0148404-5523404,Credit Card,Not Available,Yes,Not Applicable,Not Applicable,Not Applicable,Not Applicable,Not Applicable
D01-2502765-0342601,Credit Card,Not Available,Yes,Not Applicable,Not Applicable,Not Applicable,Not Applicable,Not Applicable
D01-9491122-2809808,Credit Card,Not Available,Yes,Not Applicable,Not Applicable,Not Applicable,Not Applicable,Not Applicable
D01-2188328-2269041,Credit Card,Not Available,Yes,Not Applicable,Not Applicable,Not Applicable,Not Applicable,Not Applicable
D01-3976069-1830654,Credit Card,Not Available,Yes,Not Applicable,Not Applicable,Not Applicable,Not Applicable,Not Applicable
D01-3999220-1033863,Credit Card,Not Available,Yes,Not Applicable,Not Applicable,Not Applicable,Not Applicable,Not Applicable
D01-3999220-1033863,Credit Card,Not Available,Yes,Not Applicable,Not Applicable,Not Applicable,Not Applicable,Not Applicable
D01-1030293-8585829,Credit Card,Not Available,Yes,Not Applicable,Not Applicable,Not Applicable,Not Applicable,Not Applicable
D01-9647911-3504269,Credit Card,Not Available,Yes,Not Applicable,Not Applicable,Not Applicable,Not Applicable,Not Applicable
D01-9647911-3504269,Credit Card,Not Available,Yes,Not Applicable,Not Applicable,Not Applicable,Not Applicable,Not Applicable
D01-9432647-7344241,Credit Card,Not Available,Yes,Not Applicable,Not Applicable,Not Applicable,Not Applicable,Not Applicable
D01-0965591-0825852,Credit Card,Not Available,Yes,Not Applicable,Not Applicable,Not Applicable,Not Applicable,Not Applicable
D01-6115341-6477068,Credit Card,Not Available,Yes,Not Applicable,Not Applicable,Not Applicable,Not Applicable,Not Applicable
D01-2728480-7363429,Credit Card,Not Available,Yes,Not Applicable,Not Applicable,Not Applicable,Not Applicable,Not Applicable
D01-4345072-3110636,Credit Card,Not Available,Yes,Not Applicable,Not Applicable,Not Applicable,Not Applicable,Not Applicable
D01-1757693-6537809,Credit Card,Not Available,Yes,Not Applicable,Not Applicable,Not Applicable,Not Applicable,Not Applicable
D01-1757693-6537809,Gift Card,Not Applicable,Yes,Not Applicable,Not Applicable,Not Applicable,Not Applicable,Not Applicable
D01-3041431-0134602,Credit Card,Not Available,Yes,Not Applicable,Not Applicable,Not Applicable,Not Applicable,Not Applicable
D01-3041431-0134602,Gift Card,Not Applicable,Yes,Not Applicable,Not Applicable,Not Applicable,Not Applicable,Not Applicable
D01-4539070-4771437,Credit Card,Not Available,Yes,Not Applicable,Not Applicable,Not Applicable,Not Applicable,Not Applicable
D01-7425481-2313821,Credit Card,Not Available,Yes,Not Applicable,Not Applicable,Not Applicable,Not Applicable,Not Applicable
D01-8228450-2630660,Credit Card,Not Available,Yes,Not Applicable,Not Applicable,Not Applicable,Not Applicable,Not Applicable
D01-8228450-2630660,Gift Card,Not Applicable,Yes,Not Applicable,Not Applicable,Not Applicable,Not Applicable,Not Applicable
D01-7965079-7318601,Credit Card,Not Available,Yes,Not Applicable,Not Applicable,Not Applicable,Not Applicable,Not Applicable
D01-9029911-6992217,Gift Card,Not Applicable,Yes,Not Applicable,Not Applicable,Not Applicable,Not Applicable,Not Applicable
D01-9029911-6992217,Credit Card,Not Available,Yes,Not Applicable,Not Applicable,Not Applicable,Not Applicable,Not Applicable
D01-2090464-1641835,Credit Card,Not Available,Yes,Not Applicable,Not Applicable,Not Applicable,Not Applicable,Not Applicable
D01-3952784-7200200,Gift Card,Not Applicable,Yes,Not Applicable,Not Applicable,Not Applicable,Not Applicable,Not Applicable
D01-3952784-7200200,Credit Card,Not Available,Yes,Not Applicable,Not Applicable,Not Applicable,Not Applicable,Not Applicable
D01-3260517-0189049,Credit Card,Not Available,Yes,Not Applicable,Not Applicable,Not Applicable,Not Applicable,Not Applicable
D01-3260517-0189049,Gift Card,Not Applicable,Yes,Not Applicable,Not Applicable,Not Applicable,Not Applicable,Not Applicable
D01-9787260-5373007,Credit Card,Not Available,Yes,Not Applicable,Not Applicable,Not Applicable,Not Applicable,Not Applicable
D01-9787260-5373007,Gift Card,Not Applicable,Yes,Not Applicable,Not Applicable,Not Applicable,Not Applicable,Not Applicable
D01-2194335-5069054,Credit Card,Not Available,Yes,Not Applicable,Not Applicable,Not Applicable,Not Applicable,Not Applicable
D01-2194335-5069054,Gift Card,Not Applicable,Yes,Not Applicable,Not Applicable,Not Applicable,Not Applicable,Not Applicable
D01-5434401-8089848,Credit Card,Not Available,Yes,Not Applicable,Not Applicable,Not Applicable,Not Applicable,Not Applicable
D01-4015455-6358665,Credit Card,Not Available,Yes,Not Applicable,Not Applicable,Not Applicable,Not Applicable,Not Applicable
D01-4015455-6358665,Gift Card,Not Applicable,Yes,Not Applicable,Not Applicable,Not Applicable,Not Applicable,Not Applicable
D01-0052947-1705833,Credit Card,Not Available,Yes,Not Applicable,Not Applicable,Not Applicable,Not Applicable,Not Applicable
D01-0052947-1705833,Gift Card,Not Applicable,Yes,Not Applicable,Not Applicable,Not Applicable,Not Applicable,Not Applicable
D01-0052947-1705833,Gift Card,Not Applicable,No,Not Applicable,Not Applicable,Not Applicable,Not Applicable,Not Applicable
D01-0052947-1705833,Credit Card,Not Available,No,Not Applicable,Not Applicable,Not Applicable,Not Applicable,Not Applicable
D01-5453089-1794747,Credit Card,Not Available,Yes,Not Applicable,Not Applicable,Not Applicable,Not Applicable,Not Applicable
D01-5453089-1794747,Gift Card,Not Applicable,Yes,Not Applicable,Not Applicable,Not Applicable,Not Applicable,Not Applicable
D01-4976598-2636302,Gift Card,Not Applicable,Yes,Not Applicable,Not Applicable,Not Applicable,Not Applicable,Not Applicable
D01-4976598-2636302,Credit Card,Not Available,Yes,Not Applicable,Not Applicable,Not Applicable,Not Applicable,Not Applicable
D01-3310791-4773934,Credit Card,Not Available,Yes,Not Applicable,Not Applicable,Not Applicable,Not Applicable,Not Applicable
D01-9393802-1090711,Gift Card,Not Applicable,Yes,Not Applicable,Not Applicable,Not Applicable,Not Applicable,Not Applicable
D01-9393802-1090711,Credit Card,Not Available,Yes,Not Applicable,Not Applicable,Not Applicable,Not Applicable,Not Applicable
D01-8216820-0543524,Credit Card,Not Available,Yes,Not Applicable,Not Applicable,Not Applicable,Not Applicable,Not Applicable
D01-8216820-0543524,Gift Card,Not Applicable,Yes,Not Applicable,Not Applicable,Not Applicable,Not Applicable,Not Applicable
D01-9878249-9903531,Credit Card,Not Available,Yes,Not Applicable,Not Applicable,Not Applicable,Not Applicable,Not Applicable
D01-9878249-9903531,Gift Card,Not Applicable,Yes,Not Applicable,Not Applicable,Not Applicable,Not Applicable,Not Applicable
D01-9054825-1225131,Gift Card,Not Applicable,Yes,Not Applicable,Not Applicable,Not Applicable,Not Applicable,Not Applicable
D01-9054825-1225131,Credit Card,Not Available,Yes,Not Applicable,Not Applicable,Not Applicable,Not Applicable,Not Applicable
D01-7578043-7909930,Credit Card,Not Available,Yes,Not Applicable,Not Applicable,Not Applicable,Not Applicable,Not Applicable
D01-7578043-7909930,Gift Card,Not Applicable,Yes,Not Applicable,Not Applicable,Not Applicable,Not Applicable,Not Applicable
D01-9290839-9754740,Credit Card,Not Available,Yes,Not Applicable,Not Applicable,Not Applicable,Not Applicable,Not Applicable
D01-9290839-9754740,Gift Card,Not Applicable,Yes,Not Applicable,Not Applicable,Not Applicable,Not Applicable,Not Applicable
D01-8563034-2916367,Gift Card,Not Applicable,Yes,Not Applicable,Not Applicable,Not Applicable,Not Applicable,Not Applicable
D01-8563034-2916367,Credit Card,Not Available,Yes,Not Applicable,Not Applicable,Not Applicable,Not Applicable,Not Applicable
D01-8219805-0173936,Credit Card,Not Available,Yes,Not Applicable,Not Applicable,Not Applicable,Not Applicable,Not Applicable
D01-8219805-0173936,Credit Card,Not Available,Yes,Not Applicable,Not Applicable,Not Applicable,Not Applicable,Not Applicable
D01-8219805-0173936,Gift Card,Not Applicable,Yes,Not Applicable,Not Applicable,Not Applicable,Not Applicable,Not Applicable
D01-4892529-8282760,Credit Card,Not Available,Yes,Not Applicable,Not Applicable,Not Applicable,Not Applicable,Not Applicable
D01-4892529-8282760,Credit Card,Not Available,Yes,Not Applicable,Not Applicable,Not Applicable,Not Applicable,Not Applicable
D01-4892529-8282760,Gift Card,Not Applicable,Yes,Not Applicable,Not Applicable,Not Applicable,Not Applicable,Not Applicable
D01-8446996-2625122,Credit Card,Not Available,Yes,Not Applicable,Not Applicable,Not Applicable,Not Applicable,Not Applicable
D01-8446996-2625122,Credit Card,Not Available,Yes,Not Applicable,Not Applicable,Not Applicable,Not Applicable,Not Applicable
D01-8446996-2625122,Gift Card,Not Applicable,Yes,Not Applicable,Not Applicable,Not Applicable,Not Applicable,Not Applicable
D01-6117430-4321124,Credit Card,Not Available,Yes,Not Applicable,Not Applicable,Not Applicable,Not Applicable,Not Applicable
D01-6117430-4321124,Credit Card,Not Available,Yes,Not Applicable,Not Applicable,Not Applicable,Not Applicable,Not Applicable
D01-6117430-4321124,Gift Card,Not Applicable,Yes,Not Applicable,Not Applicable,Not Applicable,Not Applicable,Not Applicable
D01-3824821-9367559,Credit Card,Not Available,Yes,Not Applicable,Not Applicable,Not Applicable,Not Applicable,Not Applicable
D01-3824821-9367559,Gift Card,Not Applicable,Yes,Not Applicable,Not Applicable,Not Applicable,Not Applicable,Not Applicable
D01-3824821-9367559,Credit Card,Not Available,Yes,Not Applicable,Not Applicable,Not Applicable,Not Applicable,Not Applicable
D01-4894191-8751505,Credit Card,Not Available,Yes,Not Applicable,Not Applicable,Not Applicable,Not Applicable,Not Applicable
D01-4894191-8751505,Gift Card,Not Applicable,Yes,Not Applicable,Not Applicable,Not Applicable,Not Applicable,Not Applicable
D01-4894191-8751505,Credit Card,Not Available,Yes,Not Applicable,Not Applicable,Not Applicable,Not Applicable,Not Applicable
D01-0874411-3340364,Credit Card,Not Available,Yes,Not Applicable,Not Applicable,Not Applicable,Not Applicable,Not Applicable
D01-0874411-3340364,Gift Card,Not Applicable,Yes,Not Applicable,Not Applicable,Not Applicable,Not Applicable,Not Applicable
D01-0874411-3340364,Credit Card,Not Available,Yes,Not Applicable,Not Applicable,Not Applicable,Not Applicable,Not Applicable
D01-3377287-6969136,Credit Card,Not Available,Yes,Not Applicable,Not Applicable,Not Applicable,Not Applicable,Not Applicable
D01-3377287-6969136,Credit Card,Not Available,Yes,Not Applicable,Not Applicable,Not Applicable,Not Applicable,Not Applicable
D01-3377287-6969136,Gift Card,Not Applicable,Yes,Not Applicable,Not Applicable,Not Applicable,Not Applicable,Not Applicable
D01-3412377-6034716,Credit Card,Not Available,Yes,Not Applicable,Not Applicable,Not Applicable,Not Applicable,Not Applicable
D01-3412377-6034716,Credit Card,Not Available,Yes,Not Applicable,Not Applicable,Not Applicable,Not Applicable,Not Applicable
D01-3412377-6034716,Gift Card,Not Applicable,Yes,Not Applicable,Not Applicable,Not Applicable,Not Applicable,Not Applicable
D01-9435145-6895525,Credit Card,Not Available,Yes,Not Applicable,Not Applicable,Not Applicable,Not Applicable,Not Applicable
D01-9435145-6895525,Credit Card,Not Available,Yes,Not Applicable,Not Applicable,Not Applicable,Not Applicable,Not Applicable
D01-9435145-6895525,Gift Card,Not Applicable,Yes,Not Applicable,Not Applicable,Not Applicable,Not Applicable,Not Applicable
D01-3626891-4975521,Gift Card,Not Available,Yes,Not Applicable,Not Applicable,Not Applicable,Not Applicable,Not Applicable
D01-3626891-4975521,Gift Card,Not Applicable,Yes,Not Applicable,Not Applicable,Not Applicable,Not Applicable,Not Applicable
D01-2539881-2303544,Gift Card,Not Available,Yes,Not Applicable,Not Applicable,Not Applicable,Not Applicable,Not Applicable
D01-2539881-2303544,Gift Card,Not Applicable,Yes,Not Applicable,Not Applicable,Not Applicable,Not Applicable,Not Applicable
D01-8197944-7285939,Gift Card,Not Available,Yes,Not Applicable,Not Applicable,Not Applicable,Not Applicable,Not Applicable
D01-8197944-7285939,Gift Card,Not Applicable,Yes,Not Applicable,Not Applicable,Not Applicable,Not Applicable,Not Applicable
D01-2299325-2188300,Gift Card,Not Available,Yes,Not Applicable,Not Applicable,Not Applicable,Not Applicable,Not Applicable
D01-2299325-2188300,Gift Card,Not Applicable,Yes,Not Applicable,Not Applicable,Not Applicable,Not Applicable,Not Applicable
D01-8366444-6981956,Gift Card,Not Available,Yes,Not Applicable,Not Applicable,Not Applicable,Not Applicable,Not Applicable
D01-8366444-6981956,Gift Card,Not Applicable,Yes,Not Applicable,Not Applicable,Not Applicable,Not Applicable,Not Applicable
D01-2174668-7858700,Gift Card,Not Available,Yes,Not Applicable,Not Applicable,Not Applicable,Not Applicable,Not Applicable
D01-2174668-7858700,Gift Card,Not Applicable,Yes,Not Applicable,Not Applicable,Not Applicable,Not Applicable,Not Applicable
D01-0577392-0143559,Gift Card,Not Available,Yes,Not Applicable,Not Applicable,Not Applicable,Not Applicable,Not Applicable
D01-0577392-0143559,Gift Card,Not Applicable,Yes,Not Applicable,Not Applicable,Not Applicable,Not Applicable,Not Applicable
D01-0384040-4684326,Credit Card,Not Available,Yes,0.0,USD,Not Applicable,Not Applicable,Not Applicable
D01-0384040-4684326,Credit Card,Not Available,Yes,Not Applicable,Not Applicable,Not Applicable,Not Applicable,Not Applicable
D01-3224614-2543501,Credit Card,Not Available,Yes,0.0,USD,Not Applicable,Not Applicable,Not Applicable
D01-3224614-2543501,Credit Card,Not Available,Yes,Not Applicable,Not Applicable,Not Applicable,Not Applicable,Not Applicable
D01-7232863-2517913,Credit Card,Not Available,Yes,0.0,USD,Not Applicable,Not Applicable,Not Applicable
D01-7232863-2517913,Credit Card,Not Available,Yes,Not Applicable,Not Applicable,Not Applicable,Not Applicable,Not Applicable
D01-3432671-2738738,Credit Card,Not Available,Yes,0.0,USD,Not Applicable,Not Applicable,Not Applicable
D01-3432671-2738738,Credit Card,Not Available,Yes,Not Applicable,Not Applicable,Not Applicable,Not Applicable,Not Applicable
D01-4988121-8191506,Credit Card,Not Available,Yes,0.0,USD,Not Applicable,Not Applicable,Not Applicable
D01-4988121-8191506,Credit Card,Not Available,Yes,Not Applicable,Not Applicable,Not Applicable,Not Applicable,Not Applicable
D01-8193402-1513155,Credit Card,Not Available,Yes,0.0,USD,Not Applicable,Not Applicable,Not Applicable
D01-8193402-1513155,Credit Card,Not Available,Yes,Not Applicable,Not Applicable,Not Applicable,Not Applicable,Not Applicable
D01-1899835-6226736,Credit Card,Not Available,Yes,Not Applicable,Not Applicable,Not Applicable,Not Applicable,Not Applicable
D01-1899835-6226736,Credit Card,Not Available,Yes,Not Applicable,Not Applicable,Not Applicable,Not Applicable,Not Applicable
D01-5879399-1941921,Credit Card,Not Available,Yes,Not Applicable,Not Applicable,Not Applicable,Not Applicable,Not Applicable
D01-5879399-1941921,Credit Card,Not Available,Yes,Not Applicable,Not Applicable,Not Applicable,Not Applicable,Not Applicable
D01-5814819-6130746,Credit Card,Not Available,Yes,Not Applicable,Not Applicable,Not Applicable,Not Applicable,Not Applicable
D01-5814819-6130746,Credit Card,Not Available,Yes,Not Applicable,Not Applicable,Not Applicable,Not Applicable,Not Applicable
D01-9175193-4575534,Credit Card,Not Available,Yes,Not Applicable,Not Applicable,Not Applicable,Not Applicable,Not Applicable
D01-9175193-4575534,Credit Card,Not Available,Yes,Not Applicable,Not Applicable,Not Applicable,Not Applicable,Not Applicable
D01-5607265-3081165,Credit Card,Not Available,Yes,Not Applicable,Not Applicable,Not Applicable,Not Applicable,Not Applicable
D01-5607265-3081165,Credit Card,Not Available,Yes,Not Applicable,Not Applicable,Not Applicable,Not Applicable,Not Applicable
D01-9413771-6495562,Credit Card,Not Available,Yes,Not Applicable,Not Applicable,Not Applicable,Not Applicable,Not Applicable
D01-9413771-6495562,Credit Card,Not Available,Yes,Not Applicable,Not Applicable,Not Applicable,Not Applicable,Not Applicable
D01-5168159-3794744,Credit Card,Not Available,Yes,Not Applicable,Not Applicable,Not Applicable,Not Applicable,Not Applicable
D01-5168159-3794744,Credit Card,Not Available,Yes,Not Applicable,Not Applicable,Not Applicable,Not Applicable,Not Applicable
D01-9615360-6649100,Credit Card,Not Available,Yes,Not Applicable,Not Applicable,Not Applicable,Not Applicable,Not Applicable
D01-9615360-6649100,Credit Card,Not Available,Yes,Not Applicable,Not Applicable,Not Applicable,Not Applicable,Not Applicable
D01-6956462-6659419,Not Applicable,Not Applicable,Yes,Not Applicable,Not Applicable,Not Applicable,Not Applicable,Not Applicable
D01-0117181-8675445,Not Applicable,Not Applicable,Yes,Not Applicable,Not Applicable,Not Applicable,Not Applicable,Not Applicable
D01-4889579-0147446,Not Applicable,Not Applicable,Yes,Not Applicable,Not Applicable,Not Applicable,Not Applicable,Not Applicable
D01-9309242-9123457,Not Applicable,Not Applicable,Yes,Not Applicable,Not Applicable,Not Applicable,Not Applicable,Not Applicable
D01-9326692-6307413,Not Applicable,Not Applicable,Yes,Not Applicable,Not Applicable,Not Applicable,Not Applicable,Not Applicable
D01-5942293-9379441,Not Applicable,Not Applicable,Yes,Not Applicable,Not Applicable,Not Applicable,Not Applicable,Not Applicable
D01-4588407-0726665,Not Applicable,Not Applicable,Yes,Not Applicable,Not Applicable,Not Applicable,Not Applicable,Not Applicable
D01-3394953-1913812,Not Applicable,Not Applicable,Yes,Not Applicable,Not Applicable,Not Applicable,Not Applicable,Not Applicable
D01-8376109-1331460,Not Applicable,Not Applicable,Yes,Not Applicable,Not Applicable,Not Applicable,Not Applicable,Not Applicable
D01-1469474-5981055,Not Applicable,Not Applicable,Yes,Not Applicable,Not Applicable,Not Applicable,Not Applicable,Not Applicable
D01-2674500-3545866,Not Applicable,Not Applicable,Yes,Not Applicable,Not Applicable,Not Applicable,Not Applicable,Not Applicable
D01-5612633-1673811,Not Applicable,Not Applicable,Yes,Not Applicable,Not Applicable,Not Applicable,Not Applicable,Not Applicable
D01-8643358-3267445,Credit Card,Not Available,Yes,Not Applicable,Not Applicable,Not Applicable,Not Applicable,Not Applicable
D01-8643358-3267445,Credit Card,Not Available,Yes,Not Applicable,Not Applicable,Not Applicable,Not Applicable,Not Applicable
D01-7699697-9497808,Credit Card,Not Available,Yes,Not Applicable,Not Applicable,Not Applicable,Not Applicable,Not Applicable
D01-7699697-9497808,Credit Card,Not Available,Yes,Not Applicable,Not Applicable,Not Applicable,Not Applicable,Not Applicable
D01-6618441-7619417,Credit Card,Not Available,Yes,Not Applicable,Not Applicable,Not Applicable,Not Applicable,Not Applicable
D01-6618441-7619417,Credit Card,Not Available,Yes,Not Applicable,Not Applicable,Not Applicable,Not Applicable,Not Applicable
D01-2928459-8390646,Credit Card,Not Available,Yes,Not Applicable,Not Applicable,Not Applicable,Not Applicable,Not Applicable
D01-2928459-8390646,Credit Card,Not Available,Yes,Not Applicable,Not Applicable,Not Applicable,Not Applicable,Not Applicable
D01-4064631-9597069,Credit Card,Not Available,Yes,Not Applicable,Not Applicable,Not Applicable,Not Applicable,Not Applicable
D01-4064631-9597069,Credit Card,Not Available,Yes,Not Applicable,Not Applicable,Not Applicable,Not Applicable,Not Applicable
D01-7447526-8045054,Not Applicable,Not Applicable,Yes,Not Applicable,Not Applicable,Not Applicable,Not Applicable,Not Applicable
D01-9344867-4832256,Credit Card,Not Available,Yes,Not Applicable,Not Applicable,Not Applicable,Not Applicable,Not Applicable
D01-9344867-4832256,Credit Card,Not Available,Yes,Not Applicable,Not Applicable,Not Applicable,Not Applicable,Not Applicable
D01-4727710-0608248,Not Applicable,Not Applicable,Yes,Not Applicable,Not Applicable,Not Applicable,Not Applicable,Not Applicable
D01-5864340-5302625,Credit Card,Not Available,Yes,Not Applicable,Not Applicable,Not Applicable,Not Applicable,Not Applicable
D01-5864340-5302625,Credit Card,Not Available,Yes,Not Applicable,Not Applicable,Not Applicable,Not Applicable,Not Applicable
D01-7563180-0144211,Credit Card,Not Available,Yes,Not Applicable,Not Applicable,Not Applicable,Not Applicable,Not Applicable
D01-7563180-0144211,Credit Card,Not Available,Yes,Not Applicable,Not Applicable,Not Applicable,Not Applicable,Not Applicable
D01-7087915-2147429,Not Applicable,Not Applicable,Yes,Not Applicable,Not Applicable,Not Applicable,Not Applicable,Not Applicable
D01-4565486-3587449,Credit Card,Not Available,Yes,Not Applicable,Not Applicable,Not Applicable,Not Applicable,Not Applicable
D01-4565486-3587449,Credit Card,Not Available,Yes,Not Applicable,Not Applicable,Not Applicable,Not Applicable,Not Applicable
D01-9844144-6029006,Credit Card,Not Available,Yes,Not Applicable,Not Applicable,Not Applicable,Not Applicable,Not Applicable
D01-9844144-6029006,Credit Card,Not Available,Yes,Not Applicable,Not Applicable,Not Applicable,Not Applicable,Not Applicable
D01-4315211-1353841,Not Applicable,Not Applicable,Yes,Not Applicable,Not Applicable,Not Applicable,Not Applicable,Not Applicable
D01-8827449-5664206,Credit Card,Not Available,Yes,Not Applicable,Not Applicable,Not Applicable,Not Applicable,Not Applicable
D01-8827449-5664206,Credit Card,Not Available,Yes,Not Applicable,Not Applicable,Not Applicable,Not Applicable,Not Applicable
D01-0276870-0166612,Credit Card,Not Available,Yes,Not Applicable,Not Applicable,Not Applicable,Not Applicable,Not Applicable
D01-0276870-0166612,Credit Card,Not Available,Yes,Not Applicable,Not Applicable,Not Applicable,Not Applicable,Not Applicable
D01-3636007-4646608,Credit Card,Not Available,Yes,Not Applicable,Not Applicable,Not Applicable,Not Applicable,Not Applicable
D01-3636007-4646608,Credit Card,Not Available,Yes,Not Applicable,Not Applicable,Not Applicable,Not Applicable,Not Applicable
D01-2410449-4358636,Credit Card,Not Available,Yes,Not Applicable,Not Applicable,Not Applicable,Not Applicable,Not Applicable
D01-2410449-4358636,Credit Card,Not Available,Yes,Not Applicable,Not Applicable,Not Applicable,Not Applicable,Not Applicable
D01-3979851-4118639,Not Applicable,Not Applicable,Yes,Not Applicable,Not Applicable,Not Applicable,Not Applicable,Not Applicable
D01-5690848-6160201,Credit Card,Not Available,Yes,Not Applicable,Not Applicable,Not Applicable,Not Applicable,Not Applicable
D01-5690848-6160201,Credit Card,Not Available,Yes,Not Applicable,Not Applicable,Not Applicable,Not Applicable,Not Applicable
D01-8846165-5824224,Not Applicable,Not Applicable,Yes,Not Applicable,Not Applicable,Not Applicable,Not Applicable,Not Applicable
D01-5303593-5894666,Credit Card,Not Available,Yes,Not Applicable,Not Applicable,Not Applicable,Not Applicable,Not Applicable
D01-5303593-5894666,Credit Card,Not Available,Yes,Not Applicable,Not Applicable,Not Applicable,Not Applicable,Not Applicable
D01-4998940-8342627,Not Applicable,Not Applicable,Yes,Not Applicable,Not Applicable,Not Applicable,Not Applicable,Not Applicable
D01-8831384-6902631,Not Applicable,Not Applicable,Yes,Not Applicable,Not Applicable,Not Applicable,Not Applicable,Not Applicable
D01-1932665-2278618,Credit Card,Not Available,Yes,Not Applicable,Not Applicable,Not Applicable,Not Applicable,Not Applicable
D01-1932665-2278618,Credit Card,Not Available,Yes,Not Applicable,Not Applicable,Not Applicable,Not Applicable,Not Applicable
D01-2987691-9792258,Not Applicable,Not Applicable,Yes,Not Applicable,Not Applicable,Not Applicable,Not Applicable,Not Applicable
D01-6520483-6249827,Not Applicable,Not Applicable,Yes,Not Applicable,Not Applicable,Not Applicable,Not Applicable,Not Applicable
D01-5912355-5158628,Credit Card,Not Available,Yes,Not Applicable,Not Applicable,Not Applicable,Not Applicable,Not Applicable
D01-5912355-5158628,Credit Card,Not Available,Yes,Not Applicable,Not Applicable,Not Applicable,Not Applicable,Not Applicable
D01-6702032-0966644,Not Applicable,Not Applicable,Yes,Not Applicable,Not Applicable,Not Applicable,Not Applicable,Not Applicable
D01-6218612-9590669,Credit Card,Not Available,Yes,Not Applicable,Not Applicable,Not Applicable,Not Applicable,Not Applicable
D01-6218612-9590669,Credit Card,Not Available,Yes,Not Applicable,Not Applicable,Not Applicable,Not Applicable,Not Applicable
D01-6218612-9590669,Credit Card,Not Available,Yes,Not Applicable,Not Applicable,Not Applicable,Not Applicable,Not Applicable
D01-8807577-2486623,Credit Card,Not Available,Yes,Not Applicable,Not Applicable,Not Applicable,Not Applicable,Not Applicable
D01-8807577-2486623,Credit Card,Not Available,Yes,Not Applicable,Not Applicable,Not Applicable,Not Applicable,Not Applicable
D01-8807577-2486623,Credit Card,Not Available,Yes,Not Applicable,Not Applicable,Not Applicable,Not Applicable,Not Applicable
D01-4093061-4429018,Not Applicable,Not Applicable,Yes,Not Applicable,Not Applicable,Not Applicable,Not Applicable,Not Applicable
D01-8979548-1030608,Credit Card,Not Available,Yes,Not Applicable,Not Applicable,Not Applicable,Not Applicable,Not Applicable
D01-8979548-1030608,Credit Card,Not Available,Yes,Not Applicable,Not Applicable,Not Applicable,Not Applicable,Not Applicable
D01-8979548-1030608,Credit Card,Not Available,Yes,Not Applicable,Not Applicable,Not Applicable,Not Applicable,Not Applicable
D01-6838175-9725009,Not Applicable,Not Applicable,Yes,Not Applicable,Not Applicable,Not Applicable,Not Applicable,Not Applicable
D01-0942065-4461046,Credit Card,Not Available,Yes,Not Applicable,Not Applicable,Not Applicable,Not Applicable,Not Applicable
D01-0942065-4461046,Credit Card,Not Available,Yes,Not Applicable,Not Applicable,Not Applicable,Not Applicable,Not Applicable
D01-0942065-4461046,Credit Card,Not Available,Yes,Not Applicable,Not Applicable,Not Applicable,Not Applicable,Not Applicable
D01-6265871-0832260,Credit Card,Not Available,Yes,Not Applicable,Not Applicable,Not Applicable,Not Applicable,Not Applicable
D01-6265871-0832260,Credit Card,Not Available,Yes,Not Applicable,Not Applicable,Not Applicable,Not Applicable,Not Applicable
D01-6265871-0832260,Credit Card,Not Available,Yes,Not Applicable,Not Applicable,Not Applicable,Not Applicable,Not Applicable
D01-4139711-3472213,Not Applicable,Not Applicable,Yes,Not Applicable,Not Applicable,Not Applicable,Not Applicable,Not Applicable
D01-0822210-6061008,Not Applicable,Not Applicable,Yes,Not Applicable,Not Applicable,Not Applicable,Not Applicable,Not Applicable
D01-2757819-7011459,Credit Card,Not Available,Yes,Not Applicable,Not Applicable,Not Applicable,Not Applicable,Not Applicable
D01-2757819-7011459,Credit Card,Not Available,Yes,Not Applicable,Not Applicable,Not Applicable,Not Applicable,Not Applicable
D01-2757819-7011459,Credit Card,Not Available,Yes,Not Applicable,Not Applicable,Not Applicable,Not Applicable,Not Applicable
D01-0586676-5507455,Not Applicable,Not Applicable,Yes,Not Applicable,Not Applicable,Not Applicable,Not Applicable,Not Applicable
D01-6225315-2032225,Credit Card,Not Available,Yes,Not Applicable,Not Applicable,Not Applicable,Not Applicable,Not Applicable
D01-6225315-2032225,Credit Card,Not Available,Yes,Not Applicable,Not Applicable,Not Applicable,Not Applicable,Not Applicable
D01-6225315-2032225,Credit Card,Not Available,Yes,Not Applicable,Not Applicable,Not Applicable,Not Applicable,Not Applicable
D01-9460486-5693017,Credit Card,Not Available,Yes,Not Applicable,Not Applicable,Not Applicable,Not Applicable,Not Applicable
D01-9460486-5693017,Credit Card,Not Available,Yes,Not Applicable,Not Applicable,Not Applicable,Not Applicable,Not Applicable
D01-9460486-5693017,Credit Card,Not Available,Yes,Not Applicable,Not Applicable,Not Applicable,Not Applicable,Not Applicable
D01-6197251-2480239,Not Applicable,Not Applicable,Yes,Not Applicable,Not Applicable,Not Applicable,Not Applicable,Not Applicable
D01-5970542-5779428,Credit Card,Not Available,Yes,Not Applicable,Not Applicable,Not Applicable,Not Applicable,Not Applicable
D01-5970542-5779428,Credit Card,Not Available,Yes,Not Applicable,Not Applicable,Not Applicable,Not Applicable,Not Applicable
D01-5970542-5779428,Credit Card,Not Available,Yes,Not Applicable,Not Applicable,Not Applicable,Not Applicable,Not Applicable
D01-8230399-6032243,Not Applicable,Not Applicable,Yes,Not Applicable,Not Applicable,Not Applicable,Not Applicable,Not Applicable
D01-1022431-3581021,Not Applicable,Not Applicable,Yes,Not Applicable,Not Applicable,Not Applicable,Not Applicable,Not Applicable
D01-0648983-8656257,Not Applicable,Not Applicable,Yes,Not Applicable,Not Applicable,Not Applicable,Not Applicable,Not Applicable
D01-4168691-7011421,Not Applicable,Not Applicable,Yes,Not Applicable,Not Applicable,Not Applicable,Not Applicable,Not Applicable
D01-9007305-8793864,Credit Card,Not Available,Yes,Not Applicable,Not Applicable,Not Applicable,Not Applicable,Not Applicable
D01-9007305-8793864,Credit Card,Not Available,Yes,Not Applicable,Not Applicable,Not Applicable,Not Applicable,Not Applicable
D01-9007305-8793864,Credit Card,Not Available,Yes,Not Applicable,Not Applicable,Not Applicable,Not Applicable,Not Applicable
D01-6949319-6848238,Not Applicable,Not Applicable,Yes,Not Applicable,Not Applicable,Not Applicable,Not Applicable,Not Applicable
D01-1699420-2409825,Credit Card,Not Available,Yes,Not Applicable,Not Applicable,Not Applicable,Not Applicable,Not Applicable
D01-1699420-2409825,Credit Card,Not Available,Yes,Not Applicable,Not Applicable,Not Applicable,Not Applicable,Not Applicable
D01-1699420-2409825,Credit Card,Not Available,Yes,Not Applicable,Not Applicable,Not Applicable,Not Applicable,Not Applicable
D01-3641027-1219413,Not Applicable,Not Applicable,Yes,Not Applicable,Not Applicable,Not Applicable,Not Applicable,Not Applicable
D01-2006398-3485061,Credit Card,Not Available,Yes,Not Applicable,Not Applicable,Not Applicable,Not Applicable,Not Applicable
D01-2006398-3485061,Credit Card,Not Available,Yes,Not Applicable,Not Applicable,Not Applicable,Not Applicable,Not Applicable
D01-2006398-3485061,Credit Card,Not Available,Yes,Not Applicable,Not Applicable,Not Applicable,Not Applicable,Not Applicable
D01-8153877-3491409,Not Applicable,Not Applicable,Yes,Not Applicable,Not Applicable,Not Applicable,Not Applicable,Not Applicable
D01-8125342-7965061,Credit Card,Not Available,Yes,Not Applicable,Not Applicable,Not Applicable,Not Applicable,Not Applicable
D01-8125342-7965061,Credit Card,Not Available,Yes,Not Applicable,Not Applicable,Not Applicable,Not Applicable,Not Applicable
D01-8125342-7965061,Credit Card,Not Available,Yes,Not Applicable,Not Applicable,Not Applicable,Not Applicable,Not Applicable
D01-2138183-0275406,Credit Card,Not Available,Yes,Not Applicable,Not Applicable,Not Applicable,Not Applicable,Not Applicable
D01-2138183-0275406,Credit Card,Not Available,Yes,Not Applicable,Not Applicable,Not Applicable,Not Applicable,Not Applicable
D01-2138183-0275406,Credit Card,Not Available,Yes,Not Applicable,Not Applicable,Not Applicable,Not Applicable,Not Applicable
D01-0248588-2013061,Not Applicable,Not Applicable,Yes,Not Applicable,Not Applicable,Not Applicable,Not Applicable,Not Applicable
D01-9942228-8352200,Credit Card,Not Available,Yes,Not Applicable,Not Applicable,Not Applicable,Not Applicable,Not Applicable
D01-9942228-8352200,Credit Card,Not Available,Yes,Not Applicable,Not Applicable,Not Applicable,Not Applicable,Not Applicable
D01-9942228-8352200,Credit Card,Not Available,Yes,Not Applicable,Not Applicable,Not Applicable,Not Applicable,Not Applicable
D01-3570073-5661003,Credit Card,Not Available,Yes,Not Applicable,Not Applicable,Not Applicable,Not Applicable,Not Applicable
D01-3570073-5661003,Credit Card,Not Available,Yes,Not Applicable,Not Applicable,Not Applicable,Not Applicable,Not Applicable
D01-3570073-5661003,Credit Card,Not Available,Yes,Not Applicable,Not Applicable,Not Applicable,Not Applicable,Not Applicable
D01-8585017-7773057,Credit Card,Not Available,Yes,Not Applicable,Not Applicable,Not Applicable,Not Applicable,Not Applicable
D01-8585017-7773057,Credit Card,Not Available,Yes,Not Applicable,Not Applicable,Not Applicable,Not Applicable,Not Applicable
D01-8585017-7773057,Credit Card,Not Available,Yes,Not Applicable,Not Applicable,Not Applicable,Not Applicable,Not Applicable
D01-3414178-8749030,Not Applicable,Not Applicable,Yes,Not Applicable,Not Applicable,Not Applicable,Not Applicable,Not Applicable
D01-0345179-0841819,Credit Card,Not Available,Yes,Not Applicable,Not Applicable,Not Applicable,Not Applicable,Not Applicable
D01-0345179-0841819,Credit Card,Not Available,Yes,Not Applicable,Not Applicable,Not Applicable,Not Applicable,Not Applicable
D01-0345179-0841819,Credit Card,Not Available,Yes,Not Applicable,Not Applicable,Not Applicable,Not Applicable,Not Applicable
D01-1928018-7142646,Not Applicable,Not Applicable,Yes,Not Applicable,Not Applicable,Not Applicable,Not Applicable,Not Applicable
D01-8586957-6489854,Credit Card,Not Available,Yes,Not Applicable,Not Applicable,Not Applicable,Not Applicable,Not Applicable
D01-8586957-6489854,Credit Card,Not Available,Yes,Not Applicable,Not Applicable,Not Applicable,Not Applicable,Not Applicable
D01-8586957-6489854,Credit Card,Not Available,Yes,Not Applicable,Not Applicable,Not Applicable,Not Applicable,Not Applicable
D01-2898601-7475420,Not Applicable,Not Applicable,Yes,Not Applicable,Not Applicable,Not Applicable,Not Applicable,Not Applicable
D01-8073945-0278625,Credit Card,Not Available,Yes,Not Applicable,Not Applicable,Not Applicable,Not Applicable,Not Applicable
D01-8073945-0278625,Credit Card,Not Available,Yes,Not Applicable,Not Applicable,Not Applicable,Not Applicable,Not Applicable
D01-8073945-0278625,Credit Card,Not Available,Yes,Not Applicable,Not Applicable,Not Applicable,Not Applicable,Not Applicable
D01-7279318-8995457,Credit Card,Not Available,Yes,Not Applicable,Not Applicable,Not Applicable,Not Applicable,Not Applicable
D01-7279318-8995457,Credit Card,Not Available,Yes,Not Applicable,Not Applicable,Not Applicable,Not Applicable,Not Applicable
D01-7279318-8995457,Credit Card,Not Available,Yes,Not Applicable,Not Applicable,Not Applicable,Not Applicable,Not Applicable
D01-7767277-8185832,Not Applicable,Not Applicable,Yes,Not Applicable,Not Applicable,Not Applicable,Not Applicable,Not Applicable
D01-7995124-1574636,Not Applicable,Not Applicable,Yes,Not Applicable,Not Applicable,Not Applicable,Not Applicable,Not Applicable
D01-6220814-2227456,Not Applicable,Not Applicable,Yes,Not Applicable,Not Applicable,Not Applicable,Not Applicable,Not Applicable
D01-5801595-3014656,Not Applicable,Not Applicable,Yes,Not Applicable,Not Applicable,Not Applicable,Not Applicable,Not Applicable
D01-6731251-5961841,Not Applicable,Not Applicable,Yes,Not Applicable,Not Applicable,Not Applicable,Not Applicable,Not Applicable
D01-4632989-2880204,Not Applicable,Not Applicable,Yes,Not Applicable,Not Applicable,Not Applicable,Not Applicable,Not Applicable
D01-6181008-4291401,Not Applicable,Not Applicable,Yes,Not Applicable,Not Applicable,Not Applicable,Not Applicable,Not Applicable
D01-8174056-7344207,Not Applicable,Not Applicable,Yes,Not Applicable,Not Applicable,Not Applicable,Not Applicable,Not Applicable
D01-2384741-8294600,Credit Card,Not Available,Yes,Not Applicable,Not Applicable,Not Applicable,Not Applicable,Not Applicable
D01-2384741-8294600,Credit Card,Not Available,Yes,Not Applicable,Not Applicable,Not Applicable,Not Applicable,Not Applicable
D01-2384741-8294600,Credit Card,Not Available,Yes,Not Applicable,Not Applicable,Not Applicable,Not Applicable,Not Applicable
D01-2573072-2755419,Credit Card,Not Available,Yes,Not Applicable,Not Applicable,Not Applicable,Not Applicable,Not Applicable
D01-2573072-2755419,Credit Card,Not Available,Yes,Not Applicable,Not Applicable,Not Applicable,Not Applicable,Not Applicable
D01-2573072-2755419,Credit Card,Not Available,Yes,Not Applicable,Not Applicable,Not Applicable,Not Applicable,Not Applicable
D01-7981011-6582607,Credit Card,Not Available,Yes,Not Applicable,Not Applicable,Not Applicable,Not Applicable,Not Applicable
D01-7981011-6582607,Credit Card,Not Available,Yes,Not Applicable,Not Applicable,Not Applicable,Not Applicable,Not Applicable
D01-7981011-6582607,Credit Card,Not Available,Yes,Not Applicable,Not Applicable,Not Applicable,Not Applicable,Not Applicable
D01-1062990-5033825,Credit Card,Not Available,Yes,Not Applicable,Not Applicable,Not Applicable,Not Applicable,Not Applicable
D01-1062990-5033825,Credit Card,Not Available,Yes,Not Applicable,Not Applicable,Not Applicable,Not Applicable,Not Applicable
D01-1062990-5033825,Credit Card,Not Available,Yes,Not Applicable,Not Applicable,Not Applicable,Not Applicable,Not Applicable
D01-2644037-9347433,Credit Card,Not Available,Yes,Not Applicable,Not Applicable,Not Applicable,Not Applicable,Not Applicable
D01-2644037-9347433,Credit Card,Not Available,Yes,Not Applicable,Not Applicable,Not Applicable,Not Applicable,Not Applicable
D01-2644037-9347433,Credit Card,Not Available,Yes,Not Applicable,Not Applicable,Not Applicable,Not Applicable,Not Applicable
D01-9658404-1917057,Credit Card,Not Available,Yes,Not Applicable,Not Applicable,Not Applicable,Not Applicable,Not Applicable
D01-9658404-1917057,Credit Card,Not Available,Yes,Not Applicable,Not Applicable,Not Applicable,Not Applicable,Not Applicable
D01-9658404-1917057,Credit Card,Not Available,Yes,Not Applicable,Not Applicable,Not Applicable,Not Applicable,Not Applicable
D01-1659991-7766635,Not Applicable,Not Applicable,Yes,Not Applicable,Not Applicable,Not Applicable,Not Applicable,Not Applicable
D01-7468841-6237037,Not Applicable,Not Applicable,Yes,Not Applicable,Not Applicable,Not Applicable,Not Applicable,Not Applicable
D01-8868554-8560257,Credit Card,Not Available,Yes,Not Applicable,Not Applicable,Not Applicable,Not Applicable,Not Applicable
D01-8868554-8560257,Credit Card,Not Available,Yes,Not Applicable,Not Applicable,Not Applicable,Not Applicable,Not Applicable
D01-8868554-8560257,Credit Card,Not Available,Yes,Not Applicable,Not Applicable,Not Applicable,Not Applicable,Not Applicable
D01-8868554-8560257,Credit Card,Not Available,Yes,Not Applicable,Not Applicable,Not Applicable,Not Applicable,Not Applicable
D01-9213145-9881838,Credit Card,Not Available,Yes,Not Applicable,Not Applicable,Not Applicable,Not Applicable,Not Applicable
D01-9213145-9881838,Credit Card,Not Available,Yes,Not Applicable,Not Applicable,Not Applicable,Not Applicable,Not Applicable
D01-9213145-9881838,Credit Card,Not Available,Yes,Not Applicable,Not Applicable,Not Applicable,Not Applicable,Not Applicable
D01-9213145-9881838,Credit Card,Not Available,Yes,Not Applicable,Not Applicable,Not Applicable,Not Applicable,Not Applicable
D01-4867386-4141018,Not Applicable,Not Applicable,Yes,Not Applicable,Not Applicable,Not Applicable,Not Applicable,Not Applicable
D01-1209408-3411430,Credit Card,Not Available,Yes,Not Applicable,Not Applicable,Not Applicable,Not Applicable,Not Applicable
D01-1209408-3411430,Credit Card,Not Available,Yes,Not Applicable,Not Applicable,Not Applicable,Not Applicable,Not Applicable
D01-1209408-3411430,Credit Card,Not Available,Yes,Not Applicable,Not Applicable,Not Applicable,Not Applicable,Not Applicable
D01-1209408-3411430,Credit Card,Not Available,Yes,Not Applicable,Not Applicable,Not Applicable,Not Applicable,Not Applicable
D01-8382919-8893025,Credit Card,Not Available,Yes,Not Applicable,Not Applicable,Not Applicable,Not Applicable,Not Applicable
D01-8382919-8893025,Credit Card,Not Available,Yes,Not Applicable,Not Applicable,Not Applicable,Not Applicable,Not Applicable
D01-8382919-8893025,Credit Card,Not Available,Yes,Not Applicable,Not Applicable,Not Applicable,Not Applicable,Not Applicable
D01-8382919-8893025,Credit Card,Not Available,Yes,Not Applicable,Not Applicable,Not Applicable,Not Applicable,Not Applicable
D01-5615166-6905840,Credit Card,Not Available,Yes,Not Applicable,Not Applicable,Not Applicable,Not Applicable,Not Applicable
D01-5615166-6905840,Credit Card,Not Available,Yes,Not Applicable,Not Applicable,Not Applicable,Not Applicable,Not Applicable
D01-5615166-6905840,Credit Card,Not Available,Yes,Not Applicable,Not Applicable,Not Applicable,Not Applicable,Not Applicable
D01-3676554-4137845,Not Applicable,Not Applicable,Yes,Not Applicable,Not Applicable,Not Applicable,Not Applicable,Not Applicable
D01-1916629-8278619,Credit Card,Not Available,Yes,Not Applicable,Not Applicable,Not Applicable,Not Applicable,Not Applicable
D01-1916629-8278619,Credit Card,Not Available,Yes,Not Applicable,Not Applicable,Not Applicable,Not Applicable,Not Applicable
D01-1916629-8278619,Credit Card,Not Available,Yes,Not Applicable,Not Applicable,Not Applicable,Not Applicable,Not Applicable
D01-6289686-0573037,Credit Card,Not Available,Yes,Not Applicable,Not Applicable,Not Applicable,Not Applicable,Not Applicable
D01-6289686-0573037,Credit Card,Not Available,Yes,Not Applicable,Not Applicable,Not Applicable,Not Applicable,Not Applicable
D01-6289686-0573037,Credit Card,Not Available,Yes,Not Applicable,Not Applicable,Not Applicable,Not Applicable,Not Applicable
D01-2598080-8320222,Not Applicable,Not Applicable,Yes,Not Applicable,Not Applicable,Not Applicable,Not Applicable,Not Applicable
D01-9099333-7600215,Credit Card,Not Available,Yes,Not Applicable,Not Applicable,Not Applicable,Not Applicable,Not Applicable
D01-9099333-7600215,Credit Card,Not Available,Yes,Not Applicable,Not Applicable,Not Applicable,Not Applicable,Not Applicable
D01-9099333-7600215,Credit Card,Not Available,Yes,Not Applicable,Not Applicable,Not Applicable,Not Applicable,Not Applicable
D01-0700550-8717062,Credit Card,Not Available,Yes,Not Applicable,Not Applicable,Not Applicable,Not Applicable,Not Applicable
D01-0700550-8717062,Credit Card,Not Available,Yes,Not Applicable,Not Applicable,Not Applicable,Not Applicable,Not Applicable
D01-0700550-8717062,Credit Card,Not Available,Yes,Not Applicable,Not Applicable,Not Applicable,Not Applicable,Not Applicable
D01-7243784-0288220,Credit Card,Not Available,Yes,Not Applicable,Not Applicable,Not Applicable,Not Applicable,Not Applicable
D01-7243784-0288220,Credit Card,Not Available,Yes,Not Applicable,Not Applicable,Not Applicable,Not Applicable,Not Applicable
D01-7243784-0288220,Credit Card,Not Available,Yes,Not Applicable,Not Applicable,Not Applicable,Not Applicable,Not Applicable
D01-8212355-0995421,Not Applicable,Not Applicable,Yes,Not Applicable,Not Applicable,Not Applicable,Not Applicable,Not Applicable
D01-7739636-1536202,Credit Card,Not Available,Yes,Not Applicable,Not Applicable,Not Applicable,Not Applicable,Not Applicable
D01-7739636-1536202,Credit Card,Not Available,Yes,Not Applicable,Not Applicable,Not Applicable,Not Applicable,Not Applicable
D01-7739636-1536202,Credit Card,Not Available,Yes,Not Applicable,Not Applicable,Not Applicable,Not Applicable,Not Applicable
D01-6680676-5603407,Not Applicable,Not Applicable,Yes,Not Applicable,Not Applicable,Not Applicable,Not Applicable,Not Applicable
D01-4606087-6105868,Credit Card,Not Available,Yes,Not Applicable,Not Applicable,Not Applicable,Not Applicable,Not Applicable
D01-4606087-6105868,Credit Card,Not Available,Yes,Not Applicable,Not Applicable,Not Applicable,Not Applicable,Not Applicable
D01-4606087-6105868,Credit Card,Not Available,Yes,Not Applicable,Not Applicable,Not Applicable,Not Applicable,Not Applicable
D01-5939995-5827413,Credit Card,Not Available,Yes,Not Applicable,Not Applicable,Not Applicable,Not Applicable,Not Applicable
D01-9528562-9421006,Credit Card,Not Available,Yes,Not Applicable,Not Applicable,Not Applicable,Not Applicable,Not Applicable
D01-9528562-9421006,Credit Card,Not Available,Yes,Not Applicable,Not Applicable,Not Applicable,Not Applicable,Not Applicable
D01-9528562-9421006,Credit Card,Not Available,Yes,Not Applicable,Not Applicable,Not Applicable,Not Applicable,Not Applicable
D01-2677158-2480253,Not Applicable,Not Applicable,Yes,Not Applicable,Not Applicable,Not Applicable,Not Applicable,Not Applicable
D01-8975248-3878626,Not Applicable,Not Applicable,Yes,Not Applicable,Not Applicable,Not Applicable,Not Applicable,Not Applicable
D01-4930034-0243442,Not Applicable,Not Applicable,Yes,Not Applicable,Not Applicable,Not Applicable,Not Applicable,Not Applicable
D01-8349357-7510601,Credit Card,Not Available,Yes,Not Applicable,Not Applicable,Not Applicable,Not Applicable,Not Applicable
D01-4188133-7347428,Credit Card,Not Available,Yes,Not Applicable,Not Applicable,Not Applicable,Not Applicable,Not Applicable
D01-6534695-0806620,Credit Card,Not Available,Yes,Not Applicable,Not Applicable,Not Applicable,Not Applicable,Not Applicable
D01-5287335-6949944,Credit Card,Not Available,Yes,Not Applicable,Not Applicable,Not Applicable,Not Applicable,Not Applicable
D01-9426345-6994732,Credit Card,Not Available,Yes,Not Applicable,Not Applicable,Not Applicable,Not Applicable,Not Applicable
D01-3639897-4991544,Credit Card,Not Available,Yes,Not Applicable,Not Applicable,Not Applicable,Not Applicable,Not Applicable
D01-1427583-6239502,Credit Card,Not Available,Yes,Not Applicable,Not Applicable,Not Applicable,Not Applicable,Not Applicable
D01-1010395-1557965,Not Applicable,Not Applicable,Yes,Not Applicable,Not Applicable,Not Applicable,Not Applicable,Not Applicable
D01-9338592-1999551,Not Applicable,Not Applicable,Yes,Not Applicable,Not Applicable,Not Applicable,Not Applicable,Not Applicable
D01-1063191-2207556,Not Applicable,Not Applicable,Yes,Not Applicable,Not Applicable,Not Applicable,Not Applicable,Not Applicable
D01-3685339-9823502,Not Applicable,Not Applicable,Yes,Not Applicable,Not Applicable,Not Applicable,Not Applicable,Not Applicable
D01-8170130-4031566,Not Applicable,Not Applicable,Yes,Not Applicable,Not Applicable,Not Applicable,Not Applicable,Not Applicable
D01-6812737-1900352,Not Applicable,Not Applicable,Yes,Not Applicable,Not Applicable,Not Applicable,Not Applicable,Not Applicable
D01-3181773-7545116,Not Applicable,Not Applicable,Yes,Not Applicable,Not Applicable,Not Applicable,Not Applicable,Not Applicable
D01-5210569-9276305,Not Applicable,Not Applicable,Yes,Not Applicable,Not Applicable,Not Applicable,Not Applicable,Not Applicable
D01-9611931-7151539,Not Applicable,Not Applicable,Yes,Not Applicable,Not Applicable,Not Applicable,Not Applicable,Not Applicable
D01-4954190-7556345,Not Applicable,Not Applicable,Yes,Not Applicable,Not Applicable,Not Applicable,Not Applicable,Not Applicable